participant_id,participant_category,condition,task_id,duration_seconds,status_correct,deadline_correct,limiting_segment_correct,explanation_score,alternative_correct,scenario_delta_correct,limitation_awareness_score,misinterpreted_as_safety
DRYRUN-TECH-001,TECHNICAL_DRY_RUN_PROFILE_A,CONDITION_A_RAW_HYDRAULIC,TASK_01,42.5,1,,,,,,,False
DRYRUN-TECH-001,TECHNICAL_DRY_RUN_PROFILE_A,CONDITION_A_RAW_HYDRAULIC,TASK_02,55.2,,1,,,,,,False
DRYRUN-TECH-001,TECHNICAL_DRY_RUN_PROFILE_A,CONDITION_A_RAW_HYDRAULIC,TASK_03,36.0,,,1,,,,,False
DRYRUN-TECH-001,TECHNICAL_DRY_RUN_PROFILE_A,CONDITION_B_JALRAKSHAK,TASK_04,25.0,,,,2,,,,False
DRYRUN-TECH-001,TECHNICAL_DRY_RUN_PROFILE_A,CONDITION_B_JALRAKSHAK,TASK_05,15.0,,,,,1,,,False
DRYRUN-TECH-001,TECHNICAL_DRY_RUN_PROFILE_A,CONDITION_B_JALRAKSHAK,TASK_06,16.0,,,,,,1,,False
DRYRUN-TECH-001,TECHNICAL_DRY_RUN_PROFILE_A,CONDITION_B_JALRAKSHAK,TASK_07,16.0,,,,,,,1,False
DRYRUN-TECH-002,TECHNICAL_DRY_RUN_PROFILE_B_ERRORS,CONDITION_B_JALRAKSHAK,TASK_01,12.0,0,,,,,,,True
DRYRUN-TECH-002,TECHNICAL_DRY_RUN_PROFILE_B_ERRORS,CONDITION_B_JALRAKSHAK,TASK_02,13.0,,1,,,,,,False
DRYRUN-TECH-002,TECHNICAL_DRY_RUN_PROFILE_B_ERRORS,CONDITION_B_JALRAKSHAK,TASK_03,12.0,,,0,,,,,False
DRYRUN-TECH-002,TECHNICAL_DRY_RUN_PROFILE_B_ERRORS,CONDITION_A_RAW_HYDRAULIC,TASK_04,60.0,,,,1,,,,False
DRYRUN-TECH-002,TECHNICAL_DRY_RUN_PROFILE_B_ERRORS,CONDITION_A_RAW_HYDRAULIC,TASK_05,34.0,,,,,0,,,False
DRYRUN-TECH-002,TECHNICAL_DRY_RUN_PROFILE_B_ERRORS,CONDITION_A_RAW_HYDRAULIC,TASK_06,44.0,,,,,,0,,False
DRYRUN-TECH-002,TECHNICAL_DRY_RUN_PROFILE_B_ERRORS,CONDITION_A_RAW_HYDRAULIC,TASK_07,24.0,,,,,,,0,True
