participant_id,participant_category,experiment_mode,condition,task_id,duration_seconds,researcher_intervention,status_correct,deadline_correct,limiting_segment_correct,explanation_score,alternative_correct,scenario_delta_correct,limitation_awareness_score,misinterpreted_as_safety
PILOT-HUMAN-001,ENVIRONMENTAL_ENGINEERING_GRADUATE,INTERNAL_HUMAN_PILOT,CONDITION_A_RAW_HYDRAULIC,TASK_01,38.4,NO_HELP,1,,,,,,,False
PILOT-HUMAN-001,ENVIRONMENTAL_ENGINEERING_GRADUATE,INTERNAL_HUMAN_PILOT,CONDITION_A_RAW_HYDRAULIC,TASK_02,72.5,NO_HELP,,1,,,,,,False
PILOT-HUMAN-001,ENVIRONMENTAL_ENGINEERING_GRADUATE,INTERNAL_HUMAN_PILOT,CONDITION_A_RAW_HYDRAULIC,TASK_03,54.0,NO_HELP,,,1,,,,,False
PILOT-HUMAN-001,ENVIRONMENTAL_ENGINEERING_GRADUATE,INTERNAL_HUMAN_PILOT,CONDITION_B_JALRAKSHAK,TASK_04,16.2,NO_HELP,,,,2,,,,False
PILOT-HUMAN-001,ENVIRONMENTAL_ENGINEERING_GRADUATE,INTERNAL_HUMAN_PILOT,CONDITION_B_JALRAKSHAK,TASK_05,11.5,NO_HELP,,,,,1,,,False
PILOT-HUMAN-001,ENVIRONMENTAL_ENGINEERING_GRADUATE,INTERNAL_HUMAN_PILOT,CONDITION_B_JALRAKSHAK,TASK_06,14.8,NO_HELP,,,,,,1,,False
PILOT-HUMAN-001,ENVIRONMENTAL_ENGINEERING_GRADUATE,INTERNAL_HUMAN_PILOT,CONDITION_B_JALRAKSHAK,TASK_07,15.0,NO_HELP,,,,,,,0,False
PILOT-HUMAN-002,SOFTWARE_DATA_ANALYST,INTERNAL_HUMAN_PILOT,CONDITION_B_JALRAKSHAK,TASK_01,9.8,NO_HELP,1,,,,,,,False
PILOT-HUMAN-002,SOFTWARE_DATA_ANALYST,INTERNAL_HUMAN_PILOT,CONDITION_B_JALRAKSHAK,TASK_02,10.4,NO_HELP,,1,,,,,,False
PILOT-HUMAN-002,SOFTWARE_DATA_ANALYST,INTERNAL_HUMAN_PILOT,CONDITION_B_JALRAKSHAK,TASK_03,11.2,NO_HELP,,,1,,,,,False
PILOT-HUMAN-002,SOFTWARE_DATA_ANALYST,INTERNAL_HUMAN_PILOT,CONDITION_A_RAW_HYDRAULIC,TASK_04,72.0,NO_HELP,,,,2,,,,False
PILOT-HUMAN-002,SOFTWARE_DATA_ANALYST,INTERNAL_HUMAN_PILOT,CONDITION_A_RAW_HYDRAULIC,TASK_05,41.0,NO_HELP,,,,,1,,,False
PILOT-HUMAN-002,SOFTWARE_DATA_ANALYST,INTERNAL_HUMAN_PILOT,CONDITION_A_RAW_HYDRAULIC,TASK_06,61.0,NO_HELP,,,,,,1,,False
PILOT-HUMAN-002,SOFTWARE_DATA_ANALYST,INTERNAL_HUMAN_PILOT,CONDITION_A_RAW_HYDRAULIC,TASK_07,35.0,NO_HELP,,,,,,,1,False
